multiseq_id,multiseq_sequence,robust_ashlock_hamming_2,robust_ashlock_hamming_3,robust_ashlock_hamming_4,robust_ashlock_hamming_5,robust_ashlock_seqlev_2,robust_ashlock_seqlev_3,robust_ashlock_seqlev_4,robust_ashlock_seqlev_5
BC1,GGAGAAGA,TRUE,TRUE,TRUE,FALSE,TRUE,FALSE,FALSE,FALSE
BC2,CCACAATG,TRUE,TRUE,TRUE,TRUE,TRUE,TRUE,FALSE,TRUE
BC3,TGAGACCT,TRUE,TRUE,TRUE,FALSE,TRUE,FALSE,TRUE,FALSE
BC4,GCACACGC,FALSE,FALSE,FALSE,FALSE,FALSE,FALSE,FALSE,FALSE
BC5,AGAGAGAG,TRUE,TRUE,TRUE,FALSE,TRUE,TRUE,FALSE,FALSE
BC6,TCACAGCA,TRUE,TRUE,TRUE,FALSE,TRUE,TRUE,FALSE,FALSE
BC7,GAAAAGGG,FALSE,FALSE,FALSE,FALSE,FALSE,FALSE,FALSE,FALSE
BC8,CGAGATTC,TRUE,TRUE,TRUE,FALSE,TRUE,FALSE,FALSE,FALSE
BC9,GTAGCACT,TRUE,TRUE,TRUE,FALSE,TRUE,FALSE,TRUE,FALSE
BC10,CGACCAGC,FALSE,FALSE,FALSE,FALSE,FALSE,FALSE,FALSE,FALSE
BC11,TTAGCCAG,TRUE,TRUE,TRUE,FALSE,TRUE,TRUE,FALSE,TRUE
BC12,GGACCCCA,FALSE,FALSE,FALSE,FALSE,FALSE,FALSE,FALSE,FALSE
BC13,CCAACCGG,FALSE,FALSE,FALSE,FALSE,FALSE,FALSE,FALSE,FALSE
BC14,TGACCGAT,TRUE,TRUE,TRUE,FALSE,TRUE,FALSE,FALSE,FALSE
BC15,GCAACGCC,FALSE,FALSE,FALSE,FALSE,FALSE,FALSE,FALSE,FALSE
BC16,CAATCGGT,TRUE,TRUE,TRUE,FALSE,TRUE,TRUE,FALSE,FALSE
BC17,ATAGCGTC,TRUE,TRUE,TRUE,TRUE,TRUE,TRUE,FALSE,FALSE
BC18,GAATCTCG,TRUE,TRUE,TRUE,FALSE,TRUE,TRUE,FALSE,FALSE
BC19,CTAGCTGA,TRUE,TRUE,TRUE,FALSE,TRUE,TRUE,FALSE,FALSE
BC20,AGACCTTG,TRUE,TRUE,TRUE,FALSE,TRUE,TRUE,FALSE,FALSE
BC21,GAAGGAAG,TRUE,TRUE,TRUE,FALSE,FALSE,FALSE,FALSE,FALSE
BC22,CTACGACA,TRUE,TRUE,TRUE,FALSE,TRUE,FALSE,FALSE,FALSE
BC23,AGAAGAGG,TRUE,TRUE,TRUE,TRUE,FALSE,FALSE,FALSE,FALSE
BC24,GTACGCAT,TRUE,TRUE,TRUE,TRUE,TRUE,TRUE,FALSE,FALSE
BC25,CGAAGCCC,FALSE,FALSE,FALSE,FALSE,FALSE,FALSE,FALSE,FALSE
BC26,ACATGCGT,TRUE,TRUE,TRUE,FALSE,TRUE,FALSE,FALSE,FALSE
BC27,TAAGGCTC,TRUE,TRUE,TRUE,FALSE,TRUE,TRUE,FALSE,FALSE
BC28,GGAAGGAA,TRUE,TRUE,TRUE,FALSE,TRUE,TRUE,TRUE,TRUE
BC29,CCATGGCG,FALSE,FALSE,FALSE,FALSE,FALSE,FALSE,FALSE,FALSE
BC30,AAAGGGGA,FALSE,FALSE,FALSE,FALSE,FALSE,FALSE,FALSE,FALSE
BC31,TTACGGTG,TRUE,TRUE,TRUE,FALSE,TRUE,TRUE,FALSE,FALSE
BC32,GCATGTAC,TRUE,TRUE,TRUE,FALSE,FALSE,TRUE,FALSE,FALSE
BC33,CAAGGTCT,TRUE,TRUE,TRUE,TRUE,TRUE,FALSE,TRUE,FALSE
BC34,ATACGTGC,TRUE,TRUE,TRUE,FALSE,FALSE,FALSE,TRUE,FALSE
BC35,GCAGTATC,TRUE,TRUE,TRUE,FALSE,TRUE,FALSE,FALSE,FALSE
BC36,AGATTCCG,TRUE,TRUE,TRUE,FALSE,TRUE,TRUE,TRUE,TRUE
BC37,TCAGTCGA,TRUE,TRUE,TRUE,TRUE,TRUE,TRUE,TRUE,FALSE
BC38,GAACTCTG,TRUE,TRUE,TRUE,FALSE,TRUE,FALSE,FALSE,FALSE
BC39,CGATTGAC,TRUE,TRUE,TRUE,TRUE,TRUE,FALSE,FALSE,FALSE
BC40,ACAGTGCT,TRUE,TRUE,TRUE,FALSE,TRUE,TRUE,FALSE,FALSE
BC41,TAACTGGC,TRUE,TRUE,TRUE,FALSE,TRUE,FALSE,FALSE,FALSE
BC42,CCAGTTAG,TRUE,TRUE,TRUE,FALSE,FALSE,TRUE,FALSE,FALSE
BC43,GGCTAACT,TRUE,TRUE,TRUE,FALSE,TRUE,TRUE,FALSE,FALSE
BC44,CCCGAAGC,FALSE,FALSE,FALSE,FALSE,FALSE,FALSE,FALSE,FALSE
BC45,TGCTACAG,TRUE,TRUE,TRUE,FALSE,TRUE,FALSE,TRUE,FALSE
BC46,GCCGACCA,FALSE,FALSE,FALSE,FALSE,FALSE,FALSE,FALSE,FALSE
BC47,CACCACGG,FALSE,FALSE,FALSE,FALSE,FALSE,FALSE,FALSE,FALSE
BC48,TCCGAGAT,TRUE,TRUE,TRUE,TRUE,TRUE,TRUE,FALSE,FALSE
BC49,GACCAGCC,FALSE,FALSE,FALSE,FALSE,FALSE,FALSE,FALSE,FALSE
BC50,CTCAAGGT,TRUE,TRUE,TRUE,FALSE,TRUE,FALSE,FALSE,FALSE
BC51,AGCTAGTC,TRUE,TRUE,TRUE,FALSE,TRUE,TRUE,FALSE,FALSE
BC52,GTCAATCG,TRUE,TRUE,TRUE,FALSE,TRUE,FALSE,FALSE,FALSE
BC53,CGCTATGA,TRUE,TRUE,TRUE,TRUE,TRUE,TRUE,FALSE,FALSE
BC54,ACCGATTG,TRUE,TRUE,TRUE,FALSE,TRUE,TRUE,FALSE,FALSE
BC55,GTCTCAAG,TRUE,TRUE,TRUE,TRUE,TRUE,TRUE,TRUE,FALSE
BC56,CGCGCACA,FALSE,FALSE,FALSE,FALSE,FALSE,FALSE,FALSE,FALSE
BC57,ACCCCAGG,FALSE,FALSE,FALSE,FALSE,FALSE,FALSE,FALSE,FALSE
BC58,GGCGCCAT,FALSE,FALSE,FALSE,FALSE,FALSE,FALSE,FALSE,FALSE
BC59,AACACCGT,TRUE,TRUE,TRUE,TRUE,TRUE,TRUE,FALSE,FALSE
BC60,TTCTCCTC,TRUE,TRUE,TRUE,FALSE,TRUE,FALSE,FALSE,FALSE
BC61,GCCCCGAA,FALSE,FALSE,FALSE,FALSE,FALSE,FALSE,FALSE,FALSE
BC62,CACACGCG,FALSE,FALSE,FALSE,FALSE,FALSE,FALSE,FALSE,FALSE
BC63,ATCTCGGA,TRUE,TRUE,TRUE,FALSE,TRUE,FALSE,FALSE,FALSE
BC64,TGCGCGTG,FALSE,FALSE,FALSE,FALSE,FALSE,FALSE,FALSE,FALSE
BC65,GACACTAC,TRUE,TRUE,TRUE,FALSE,TRUE,TRUE,FALSE,FALSE
BC66,CTCTCTCT,TRUE,TRUE,TRUE,FALSE,TRUE,TRUE,FALSE,FALSE
BC67,AGCGCTGC,FALSE,FALSE,FALSE,FALSE,FALSE,FALSE,FALSE,FALSE
BC68,TCCCCTTT,FALSE,FALSE,FALSE,FALSE,FALSE,FALSE,FALSE,FALSE
BC69,CTCGGAAT,TRUE,TRUE,TRUE,FALSE,TRUE,TRUE,TRUE,FALSE
BC70,AGCCGACC,FALSE,FALSE,FALSE,FALSE,FALSE,FALSE,FALSE,FALSE
BC71,TCCAGAGT,TRUE,TRUE,TRUE,FALSE,TRUE,FALSE,FALSE,FALSE
BC72,GACTGATC,TRUE,TRUE,TRUE,FALSE,TRUE,TRUE,TRUE,FALSE
BC73,CGCCGCAA,FALSE,FALSE,FALSE,FALSE,FALSE,FALSE,FALSE,FALSE
BC74,ACCAGCCG,FALSE,FALSE,FALSE,FALSE,FALSE,FALSE,FALSE,FALSE
BC75,TACTGCGA,TRUE,TRUE,TRUE,FALSE,TRUE,TRUE,FALSE,FALSE
BC76,GTCGGCTG,FALSE,FALSE,FALSE,FALSE,FALSE,FALSE,FALSE,FALSE
BC77,CCCAGGAC,FALSE,FALSE,FALSE,FALSE,FALSE,FALSE,FALSE,FALSE
BC78,AACTGGCT,TRUE,TRUE,TRUE,FALSE,FALSE,TRUE,FALSE,FALSE
BC79,TTCGGGGC,FALSE,FALSE,FALSE,FALSE,FALSE,FALSE,FALSE,FALSE
BC80,GGCCGGTT,FALSE,FALSE,FALSE,FALSE,FALSE,FALSE,FALSE,FALSE
BC81,CACTGTAG,TRUE,TRUE,TRUE,FALSE,TRUE,TRUE,FALSE,FALSE
BC82,ATCGGTCA,TRUE,TRUE,TRUE,FALSE,TRUE,FALSE,FALSE,FALSE
BC83,TGCCGTGG,FALSE,FALSE,FALSE,FALSE,FALSE,FALSE,FALSE,FALSE
BC84,GCCAGTTA,TRUE,TRUE,TRUE,TRUE,TRUE,FALSE,FALSE,FALSE
BC85,TGCATACG,TRUE,TRUE,TRUE,FALSE,TRUE,TRUE,FALSE,FALSE
BC86,GCCTTAGA,TRUE,TRUE,TRUE,FALSE,TRUE,TRUE,FALSE,FALSE
BC87,CACGTATG,TRUE,TRUE,TRUE,FALSE,TRUE,FALSE,FALSE,FALSE
BC88,AGCATCAC,TRUE,TRUE,TRUE,FALSE,TRUE,FALSE,FALSE,FALSE
BC89,TCCTTCCT,TRUE,TRUE,TRUE,FALSE,FALSE,FALSE,FALSE,FALSE
BC90,GACGTCGC,FALSE,FALSE,FALSE,FALSE,FALSE,FALSE,FALSE,FALSE
BC91,CTCCTCTT,TRUE,TRUE,TRUE,FALSE,FALSE,FALSE,FALSE,TRUE
BC92,ACCTTGAG,TRUE,TRUE,TRUE,FALSE,TRUE,FALSE,TRUE,FALSE
BC93,TACGTGCA,TRUE,TRUE,TRUE,FALSE,TRUE,FALSE,FALSE,FALSE
BC94,GTCCTGGG,FALSE,FALSE,FALSE,FALSE,FALSE,FALSE,FALSE,FALSE
BC95,CGCATGTA,TRUE,TRUE,TRUE,FALSE,TRUE,FALSE,TRUE,FALSE
BC96,TTCCTTCC,TRUE,TRUE,TRUE,TRUE,TRUE,TRUE,TRUE,FALSE
